{"cameraMode":{"drawMode":0,"name":"Shaded","section":"Shading Mode"},"sceneLighting":true,"audioPlay":false,"sceneViewState":{"showFog":true,"showMaterialUpdate":true,"showSkybox":true,"showFlares":true,"showImageEffects":true,"showParticleSystems":true},"in2DMode":false,"pivot":{"x":1.3014869689941407,"y":2.2237815856933595,"z":8.241435050964356},"rotation":{"x":0.15002848207950593,"y":-0.06224333494901657,"z":0.009463145397603512,"w":0.9866776466369629},"size":2.3577752113342287,"orthographic":false}