{"cameraMode":{"drawMode":0,"name":"Shaded","section":"Shading Mode"},"sceneLighting":false,"audioPlay":false,"sceneViewState":{"showFog":true,"showMaterialUpdate":false,"showSkybox":false,"showFlares":true,"showImageEffects":true,"showParticleSystems":true},"in2DMode":false,"pivot":{"x":-0.6100000143051148,"y":3.174999952316284,"z":-5.111999988555908},"rotation":{"x":0.24732953310012818,"y":-0.38340675830841067,"z":0.10735005140304566,"w":0.8833497166633606},"size":1.653378963470459,"orthographic":false}