{"cameraMode":{"drawMode":0,"name":"Shaded","section":"Shading Mode"},"sceneLighting":true,"audioPlay":false,"sceneViewState":{"showFog":true,"showMaterialUpdate":true,"showSkybox":true,"showFlares":true,"showImageEffects":true,"showParticleSystems":true},"in2DMode":false,"pivot":{"x":-1.2702655792236329,"y":-0.0762939453125,"z":1.185302734375},"rotation":{"x":0.4865548312664032,"y":-0.0711386650800705,"z":0.03979227691888809,"w":0.8698428273200989},"size":0.8490837812423706,"orthographic":true}